{"cameraMode":{"drawMode":0,"name":"Shaded","section":"Shading Mode"},"sceneLighting":true,"audioPlay":false,"sceneViewState":{"m_AlwaysRefresh":false,"showFog":true,"showSkybox":true,"showFlares":true,"showImageEffects":true,"showParticleSystems":true,"showVisualEffectGraphs":true,"m_FxEnabled":true},"in2DMode":false,"pivot":{"x":20.282751083374025,"y":3.138589859008789,"z":5.221107482910156},"rotation":{"x":-0.013116443529725075,"y":-0.6950055360794067,"z":-0.012747853994369507,"w":0.7188192009925842},"size":0.8660253882408142,"orthographic":false}